<?xml version="1.0" encoding="UTF-8"?>
<project-private xmlns="http://www.netbeans.org/ns/project-private/1">
    <editor-bookmarks xmlns="http://www.netbeans.org/ns/editor-bookmarks/2" lastBookmarkId="0"/>
    <open-files xmlns="http://www.netbeans.org/ns/projectui-open-files/2">
        <group>
            <file>file:/C:/Users/sebastian/OneDrive/Escritorio/Universidad/Cuatrimestres/III%20Cuatri/Estructura%20de%20datos/CasoPractico1/src/casopractico1/NodosCola.java</file>
            <file>file:/C:/Users/sebastian/OneDrive/Escritorio/Universidad/Cuatrimestres/III%20Cuatri/Estructura%20de%20datos/CasoPractico1/src/casopractico1/datos.java</file>
            <file>file:/C:/Users/sebastian/OneDrive/Escritorio/Universidad/Cuatrimestres/III%20Cuatri/Estructura%20de%20datos/CasoPractico1/src/casopractico1/Pila.java</file>
            <file>file:/C:/Users/sebastian/OneDrive/Escritorio/Universidad/Cuatrimestres/III%20Cuatri/Estructura%20de%20datos/CasoPractico1/src/casopractico1/Cola.java</file>
            <file>file:/C:/Users/sebastian/OneDrive/Escritorio/Universidad/Cuatrimestres/III%20Cuatri/Estructura%20de%20datos/CasoPractico1/src/casopractico1/CasoPractico1.java</file>
            <file>file:/C:/Users/sebastian/OneDrive/Escritorio/Universidad/Cuatrimestres/III%20Cuatri/Estructura%20de%20datos/CasoPractico1/src/casopractico1/nodoP.java</file>
            <file>file:/C:/Users/sebastian/OneDrive/Escritorio/Universidad/Cuatrimestres/III%20Cuatri/Estructura%20de%20datos/CasoPractico1/src/casopractico1/Recursividad.java</file>
        </group>
    </open-files>
</project-private>
